Chef de centre,Date d’ouverture,Adresse,Numéro de téléphone administratif du centre,Capacité de rétention,Nombre de chambres et de lits par chambre,Nombre de douches et de WC,Espace collectif (description) et conditions d’accès,Cour extérieure (description) et conditions d’accès,Règlement intérieur conforme à la partie réglementaire du Ceseda et traduction,Nombre de cabines téléphoniques et numéros,Visites (jours et horaires),Accès au centre par transports en commun,CRA,Nombre de cabines téléphoniques et numéros horaires),Association - téléphone & nombre d’intervenants,Service de garde et d’escorte,"OFII – nombre
d’agents",Entretien et blanchisserie,Restauration,Nombre de médecins/ d’infirmières,Hôpital conventionné,Local prévu pour les avocats,Visite du procureur en 2022,Personnel médical au centre : nombre de médecins / d’infirmières,Entreprise d'accueil et gestion des visites,Entreprise de transport des retenus,Logistique,Permanence spécifique au barreau,Nombre de retenus en 2022,lat,long
Commandant Jean Noël Suberbere,"Juin 2011 (réouverture, 1ère ouverture en 2003)",23 rue François de Sourdis 33000 Bordeaux,05 57 85 74 81,20 places hommes,"5 chambres, 4 lits chacune",2 espaces sanitaires à chaque aile de la zone de vie avec 2 douches et 2 WC,Une salle de restauration avec 2 télés + une salle télé. Accès libre,"Un « patio » de 20 m2 grillagé, deux bancs, trois agrès sportifs, un baby-foot. Accès libre",Oui,05 57 26 87 09 05 57 01 68 22,Tous les jours 9h30 - 11h30 et 14h - 18h30,Tramway A « Hôtel de police »,Bordeaux,NA,La Cimade 09 72 38 65 13 2 intervenantes,Police aux frontières (UGT - unité de garde et de transfert),2 agents à mi-temps. Vestiaire et achats de cigarettes,APR,GEPSA,Infirmier.e.s référent.e.s 7 jours/7 Médecins présents 3 demi- journées par semaine,CHU de Bordeaux,Oui,Non,NA,NA,NA,NA,NA,276,44.834665011072,-0.588896004757
"Commandant Laëtitia Bidoin, puis à compter d’octobre Commandant Philippe Duhamel",2 janvier 2003,Hôtel de police – Boulevard du Kent – 62231 Coquelles,03 21 19 58 90,104 places,37 chambres (entre 2 et 5 lits par chambre) et 1 chambre individuelle adaptée aux personnes à mobilité réduite,Zones 1 et 2 : 3 douches + 1 WC par chambre Zone 3 : 4 douches et un WC par chambre Zone 4 : 1 douche et un WC par chambre,Une salle télé par zone et un espace commun avec une cabine téléphonique Horaires libres dans la journée pour l’espace commun et de 7 h à 23 h pour la salle télé,"Une cour en béton avec des bancs Ouverte dans la journée, du petit-déjeuner au dîner",Oui,Zone 1 (verte) : 03 21 00 91 55 Zone 2 (rouge) : 03 21 00 82 16 Zone 3 (bleue) : 03 21 00 96 99 Zobe 4 (jaune) : 03 21 19 89 92 03 21 19 88 94,"Tous les jours, de 9h à 11h et de 14h à 17h","Ligne de bus n° 1, arrêt place carrée ou cité Europe",Coquelles,NA,France terre d’asile – 03 21 85 28 46 / 03 91 91 16 01 / 03 21 34 48 22 1 coordinatrice et 4 intervenantes,PAF,2,Scolarest,Scolarest,jour),Hôpital de Calais,Oui,NC,"2 médecins, 4 infirmiers (en moyenne deux chaque",NA,NA,NA,NA,1 639,50.928137700789,1.805182451412
Capitaine Thérèse Charpentier,2005,"Site du Morne Vergain, 97139 les Abymes",05 90 48 92 80,40 places,6 chambres dans le secteur hommes et 3 chambres dans le secteur femmes avec 4 lits par chambre de 12m2,5 douches + 3 WC,"Pour les hommes : salle de restauration et de détente avec bancs et un téléviseur. Pour les femmes : un téléviseur, quelques chaises et une table dans le passage entre l’entrée du CRA, la zone hommes et la cour.","Cour entièrement grillagée, y compris au plafond, séparée de la zone hommes par des ouvertures à barreaux. Quelques bancs abrités par un petit toit devant l’unité médicale. Un autre recoin abrité avec un baby-foot. Accessible seulement sur autorisation et sous surveillance de la PAF.",Affiché dans chaque zone et traduit dans les principales langues parlées au CRA.,1 cabine en secteur hommes : 05 90 20 42 93 1 cabine en secteur femmes : 05 90 28 60 10,"Tous les jours de 14h à 18h, autorisées exceptionnellement le matin en cas de départ prévu pour l’après-midi (présence de La Cimade non autorisée lors des visites)",Arrêt de bus à proximité,Guadeloupe,NA,La Cimade 06 94 24 74 44 2 intervenantes,Police aux frontières,"1 agent dont la fonction est : fourniture de vêtements, achat de cigarettes et de cartes téléphoniques",Société MAXINET,SORI,NA,Clinique des Eaux-claires,Oui,Pas à la connaissance de l’association.,"Depuis juillet 2022, 1 médecin présent 3 matinées par semaine. 1 infirmière présente quelques heures par jour du lundi au vendredi, et 1 infirmière de permanence les week- ends et jours fériés",NA,NA,NA,NA,412,16.255014999034,-61.525560187405
Capitaine Molinier,CRA 1995 /LRA mars 2007/CRA mai 2008,Route nationale 4 97351 Matoury,05 94 35 09 00,45 places dont 33 places hommes et 12 places femmes,Zone hommes : 5 chambres de 5 lits dont certai superposés et 2 chambres de 4 lits superposés. Zone femmes : 4 chambres de 3 lits.,5 douches et 4 WC chez les hommes 2 douches et 2 WC chez les femmes,"Chaque zone comprend les chambres, une salle télé, des blocs sanitaires, une cour intérieure à demi couverte, une cabine téléphonique et une bibliothèque. Les hommes et les femmes accèdent directeme ou par l’intermédiaire d’un interphone à l’UMCR et à La Cimade. Le bureau de l’OFII n’est pas en accès libre pour l retenus.",Cours entièrement grillagées. 1 baby-foot dans l zone hommes. 1 vélo elliptique dans chaque zo Les zones extérieures sont fermées la nuit ; les personnes ne peuvent donc pas y accéder.,"Le règlement est affiché uniquement en français dans la zone femmes. Il est affiché uniquement en créole haïtien, en anglais et en portugais dans la zone hommes.",1 cabine par zone : Zone hommes : 05 94 37 78 34 Zone femmes : 05 94 37 78 73,"Tous les jours de 8h à 18h selon le règlement intérieur - interruptions selon l’activité (arrivée de personnes retenues, repas, préparation des éloignements ou des escortes...).",Aucun,Guyane,NA,La Cimade 05 94 28 02 61 4 intervenantes à temps plein,Police aux frontières,"1 agent, non remplacé en cas d’absence",Guyanaise de propreté,Sodexo,"1 personnel infirmier théoriquement présent du lundi au vendredi de 7h à 20h et le samedi de 8h à 15h. En pratique présent de 8h à 15h. Remplacé en cas d’absence programmée. En pratique, la présence n’est pas toujours assurée sur la totalité de ces horaires. Présence d’un médecin 3 matinées/semaine. En pratique, le médecin intervient plutôt si besoin et reste joignable par téléphone lors des absences.",Centre Hospitalier Andrée Rosemond (CHAR) – Cayenne,Oui,Non,NA,NA,NA,NA,NA,1 207,4.8560471,-52.3246189
Capitaine Olivier Darriet,4 juin 2008,"4, rue Joliot-Curie 64700 Hendaye",05 59 48 81 85,30 places : 30 hommes,15 chambres avec 2 lits,15 douches et 15 WC,"Au rez-de-chaussée : une salle télé condamnée, une cour avec agrès, une salle de jeux. À l’étage : une salle télé condamnée, une salle de jeux pour les enfants condamnée, une cour avec 2 agrès. En accès libre pour chaque zone.","Au rez-de-chaussée, une cour en partie abritée, table de ping-pong et 3 agrès, allume-cigarette. À l’étage, une cour plus petite et 2 agrès et allume-cigarette. Le tout en accès libre.","Pas d’affichage en français mais traduction en 6 langues (anglais, espagnol, portugais, arabe, chinois et russe).",1 espace hommes RDC : 05 59 15 34 19/34 20 1 espace hommes 1er étage : 05 59 15 34 21,Du lundi au dimanche de 9h à 11h30 et de 14h à 18h30,"Gare SNCF d’Hendaye, Gare de l’Eusko Tren, arrêt de bus (lignes municipales et départementales)",Hendaye,NA,La Cimade 09 72 46 45 89 2 intervenantes,Police aux frontières,1 mi-temps du lundi au vendredi : - récupération des bagages - récupération des salaires - achats de 1ère nécessité,Wilau,GEPSA,NA,Centre hospitalier de la Côte basque (Bayonne),Oui,Non,2 infirmières et 2 médecins,NA,NA,NA,NA,261,43.351687990758,-1.782179028626
"Commandant Thierry Maniez, puis Commandant Gwenaëlle Valet (à partir du 1er juillet 2022)",15 novembre 2006,Rue de la Drève 59810 Lesquin,03 20 10 62 50,116 places,"57 chambres de 2 lits, 3 chambres de 4 lits",60,"Un grand hall de 180 m2 avec un grand banc, une fontaine à eau et une cabine téléphonique, donnant accès aux bureaux de l’association et d l’OFII. Horaires limités par zones le matin, penda le nettoyage de celles-ci, sauf le week-end où aucune sortie des zones n’est prévue.",Une cour extérieure par zone équipée d’une tabl de ping-pong. Accès libre à partir de 7h – sauf exceptions ponctuelles (fermée le soir et penda les repas).,"Oui, traduit en chinois, espagnol, arabe, portuga anglais, russe et français.","6 cabines - Cabines hall : 03 20 44 74 13 Zone A : 03 20 32 76 20, Zone B : 03 20 32 70 53, Zone C : 03 20 32 75 31, Zone D : 03 20 73 82 85, Zone F : 03 20 32 75 82",Tous les jours de 9h à 11h et de 14h à 17h,"Depuis la gare Lille Flandres : métro ligne 1 directi Villeneuve d’Ascq Stade 4 cantons, puis prendre l bus 68 direction Villeneuve d’Ascq (même bus au retour, le trajet forme une boucle). L’arrêt « centre rétention » se trouve en face du CRA.",Lille - Lesquin,NA,"Groupe SOS Solidarités – Assfam 03 20 85 25 59 1 responsable de pôle, 1 coordinatrice CRA, 3 intervenantes à temps plein",PAF,2,ONET,Compass,"5 médecins, 4 infirmiers (2 à temps plein, 2 à 80 %), 1 psychologue deux demi- journées par semaine. Amplitude horaire minimum de 10 heures par jour.",Centre hospitalier de Seclin,Oui,Pas à notre connaissance,NA,NA,NA,NA,NA,1 708,50.57620905818,3.100229203007
Commandant Jocelyn Pillot,Janvier 2022,"Centre de rétention administrative 2 240 rue Chypre, Lyon St Exupéry Aéroport BP 106 - 69125 Lyon Saint-Exupéry Cedex",04 87 76 82 40,140 places,"64 chambres de 2 lits, 3 chambres femmes et familles avec 4 lits et 3 chambres d’isolement.",Un bloc sanitaire par chambre.,1 salle de détente avec des distributeurs ainsi qu'une console de jeux par bloc ainsi que des jeux pour enfants dans la zone famille. Tables de ping-pong et équipements de musculation en accès libre en journée.,Une cour pour chaque aile homme et deux cours séparées pour l'aile femme / famille,Oui,"14 cabines (une intérieure, une extérieure) : B1 (femmes - familles) : 04 72 53 04 73 - 04 72 53 97 21 B2 : 04 72 53 09 92 - 04 72 53 96 06 B3 : 04 78 47 53 22 - 04 72 53 08 77 B4 : 04 72 53 09 15 - 04 72 53 09 17 B5 : 04 72 53 09 90 - 04 72 53 92 07 B6 : 04 72 53 05 96 - 04 72 53 97 21 B7 : 04 72 53 07 59 - 04 72 53 04 70",Tous les jours sur rendez-vous (au 04 87 76 82 69) de 9h30 à 11H puis de 14h à 17H30,"Navette Rhônexpress à l’aéroport (à 1,5 km du CRA)",Lyon - Saint - Exupéry 2,NA,Forum réfugiés 04 13 94 13 90 - 06 22 50 73 60 5 intervenants,PAF,"3 ETP Récupération des bagages, achats, clôture des comptes.",GEPSA,GEPSA,NA,Hospices civils de Lyon,Oui,Non,"2 médecins (5 demi- journées), 4 infirmières à temps plein et 1 infirmière à mi-temps",Sécuritim,Challencin,NA,NA,+1 181,45.69388,4.8626
Commandant Christophe Baudoin,4 juin 2006,18 Boulevard des Peintures 13014 Marseille,04 91 53 62 07,136 places,69 chambres 2 lits par chambre,Une douche et un WC par chambre,"Dans les peignes : salle de télévision, salle commune et cour de promenade. Accès libre de 6h à 23h, Sauf Ramadan et canicule ouverture jusqu'à 2h.",Cour bétonnée située entre les bâtiments et recouverte d’un grillage. Libre en journée.,Oui,9 cabines : 04 91 67 94 06 – 04 91 81 53 12 04 91 81 45 89 – 04 91 67 93 29 04 91 81 17 58 – 04 91 81 39 54 04 91 42 34 86 – 04 91 63 13 05 04 91 67 41 56,Tous les jours 9h30 - 11h30 et 14h - 17h30 dernière entrée,"Bus 38, métro Bougainville",Marseille,NA,Forum réfugiés 04 91 56 69 56 5 intervenants juridiques,PAF,3,EVANIS,VINCI,NA,HP Nord Marseille - APHM,Oui,Non,"4 médecins, 4 infirmières et 1 secrétaire médicale",NA,NA,NA,NA,685,43.322266242521,5.375565267952
NA,NA,NA,NA,NA,NA,NA,NA,NA,NA,NA,NA,NA,Mayotte,NA,Solidarité Mayotte 02 69 60 80 99 7 intervenants juristes,Police aux frontières,0,NA,Panima,NA,Hôpital de Petite-Terre,Oui : 2 pièces,Non,1 médecin les après-midis du lundi au dimanche et 4 infirmiers présents chacun leur tour de 7h30 à 22h,NA,NA,NA,NA,26 020,NA,NA
Françoise Normand pour le CRA n° 2 Fabrice Ancelot pour le CRA n° 3,1er août 2011 pour le CRA n° 2 19 septembre 2011 pour le CRA n° 3,2-6 rue de Paris 77990 Le Mesnil-Amelot,01 60 54 40 00,2 x 120 places (dont 24 places femmes et 16 places familles au CRA n°2).,2 x 60 chambres + 2 chambres d’isolement par centre. 2 lits par chambre.,4 douches et 4 WC par bâtiment (20 personnes).,"Deux espaces de 16,5 m2 par bâtiment dont un est théoriquement équipé d'un téléviseur. Une cour de 80 m2. Accès libre.","Une zone de promenade avec quelques équipements de musculation, des petits buts et quelques parcelles de gazon par zone hommes. Un banc pour 20 personnes. Possibilité d’emprunter un ballon. Deux jeux pour enfants dans la zone femmes- familles du CRA n° 2. Accès en journée de 7h à 20h30.","Oui. Affiché sur les fenêtres et dans le couloir, en sept langues : français, anglais, arabe, espagnol, portugais, russe et chinois",CRA n° 2 Bâtiment 9 : 01 60 54 16 57/16 56 Bâtiment 10 : 01 60 54 16 55/16 53/01 60 66 40 66 Bâtiment 11 : 01 60 54 16 51/16 52 Bâtiment 12 : 01 60 54 16 49/16 50 Bâtiment 13A1 (femmes) : 01 60 54 16 48 Bâtiment 13A2 (femmes) : 01 60 54 16 47 Bâtiment 13B1 (familles) : 01 60 54 16 46 Bâtiment 13B2 (familles) : 01 60 54 16 45 Bâtiment 13B3 (familles) : 01 60 54 27 89 (numéro fonctionnel)  CRA n° 3 Bâtiment 3 : 01 60 54 27 84 Bâtiment 4 : 01 60 54 27 76 Bâtiment 5 : 01 60 27 64 94 Bâtiment 6 : 01 60 27 64 91 Bâtiment 7 : 01 60 27 64 87 Bâtiment 8 : 0160276248,Du lundi au dimanche 9h - 12h et 13h30 - 18 h,"RER B arrêt « Aéroport CDG Terminaux 1-3 » puis bus n°701 ou 702, arrêt « Route nationale (RN) »",Mesnil - Amelot,NA,La Cimade CRA n° 2 : 09 72 42 40 19 / 09 72 41 64 90 CRA n° 3 : 09 72 41 57 14 / 01 84 16 91 22 10 intervenants,Police aux Frontières,4 ETP + 1 référente,ONET,GEPSA,4 médecins (présence les matins du lundi au vendredi) et 1 psychiatre (présence les mardis et vendredis),Centre Hospitalier de Meaux,"Non, simple local pour les visites non équipé",Non,4 infirmier.ères (présence toute la journée du lundi au vendredi) + 1 infirmière référente à 20 %,NA,NA,AXIMA,NA,1 717,49.022688003733,2.595116013007
Commandant Dragan Djuric,12 janvier 2009,"120, rue du Fort Queuleu 57070 Metz - Queuleu",03 87 66 56 56,98 places,7 bâtiments de 7 chambres (2 lits par chambre),"2 douches par bâtiment, 1 dans les chambres familles, 1 à l’accueil du CRA pour les personnes à l’arrivée et à l’isolement. 2 WC par bâtiment, 2 près du réfectoire.","Réfectoire, salle avec télévision pour chaque bâtiment.","En libre accès, grande cour extérieure avec séparation grillagée de la zone hommes et de la zone femmes/familles, avec jeux pour enfants, un terrain de basket, un terrain de football, trois petites parcelles de pelouse ainsi que des agrès de sport, un distributeur de boissons froides en zone hommes et un distributeur de friandises en accès non libre.","Oui, traduit en 6 langues.","4 cabines téléphoniques Zone femmes et familles : 03 87 18 16 55 Zone hommes : 03 87 18 16 63 (cette cabine dysfonctionne régulièrement) Zone 3 : 03 87 18 16 66 Zone 4 : 03 87 18 16 64 Dans la zone hommes, la cabine ne permet pas de passer des appels, le secteur à pièces étant défectueux.","Tous les jours, de 9h30 à 11h30 et de 14h30 à 17h30, créneaux de 30 minutes.","Ligne L 4 ou C 12, direction « Grange aux bois »",Metz - Queuleu,NA,"Groupe SOS Solidarités – Assfam 03 87 36 90 08 1 responsable de pôle, 1 coordinatrice CRA, 3 intervenantes à temps plein",Police aux frontières,2 médiateurs à temps complet,ONET,GEPSA,NA,CHU Mercy,Oui,Pas à la connaissance de l’association,"3 médecins non permanents consultant sur demande, 3 infirmières",NA,NA,NA,NA,1 082,49.100695987745,6.207433979124
Capitaine Hugo Pavard,1986,"Caserne d’Auvare, 28 rue de Roquebillière 06300 Nice",04 84 52 05 62,35 places,"5 chambres de 6 lits, 2 chambres de 5 lits dont une réservée aux isolements sanitaires",8 douches et 9 WC,Une salle commune au rez-de- chaussée avec une télé avec accès libre durant la journée.,Cour nue aux murs surélevés par des plaques métalliques et un filet de sécurité au-dessus. Accès libre de 8h30 à 22h30.,Oui,3 dont aucune en état de fonctionnement,Tous les jours 9h30 - 11h30 et 14h - 18h00,Tramway Direction Hôpital Pasteur arrêt Stade Vauban,Nice,NA,Forum réfugiés 04 93 56 21 76 04 93 55 68 11 2 intervenants,PAF,2 en rotation,ONET,GEPSA,NA,CHU Pasteur,Oui,Oui,1 médecin trois demi- journées par semaine. 2 infirmiers tous les jours,NA,NA,NA,NA,622,43.711869979143,7.288333031949
Capitaine Nathalie Lemieugre,15 juillet 2007,"162, avenue Clément Ader Nîmes Courbessac",04 66 27 34 00,126 places,64 chambres – 2 lits par chambre,1 par chambre,Chaque aile comprend une salle TV et une salle de baby-foot.,Cour bétonnée et grillagée avec une table de ping-pong.,Oui,Zone A1 : 04 66 67 08 10 04 66 36 09 35 Zone B0 : 04 66 26 01 08 Zone B1 : 04 66 87 08 15 04 66 06 65 01 Zone C0 : 04 66 28 03 63 Zone C1 : 04 66 06 64 01 04 66 38 08 72 Zone d’accès contrôlé : 04 66 64 06 73 04 66 29 09 46,Tous les jours 9h - 11h et 14h - 18h,2 bus depuis l’arrêt « Gare Feuchères » jusqu’à l’arrêt « Citadelle » : Bus 10 direction « Mas d’Escattes » et Bus 2 direction « Smac Paloma »,Nîmes,NA,Forum Réfugiés 04 66 38 25 16 06 34 50 41 69 4 intervenants,PAF,"2 agents – permanence du lundi matin au samedi midi (Écoute, récupération des bagages dans un rayon de 100 km, soutien psychologique, récupération de mandats, achats, vestiaire)",GEPSA,GEPSA,lundi au vendredi. Présence quotidienne d’une infirmière (2 infirmières).,CHU Carémau,Oui,Non,3 médecins pour assurer une demi-journée de permanence du,NA,NA,NA,NA,844,43.858762025178,4.404573781569
Capitaine Dominique Signolles,10 octobre 2005,13 rue Émile Zola 91120 Palaiseau,01 69 31 65 00,40 places,20 chambres – 2 lits par chambre 1 chambre d’isolement,1 douche et 1 WC par chambre,"1 réfectoire avec télévision, une salle de détente collective avec télévision et babyfoot et une salle de musculation avec deux vélos et une barre de traction",Une cour carrée au milieu du centre avec 2 bancs et une table de ping-pong,"Affiché dans chaque zone en 7 langues : français, anglais, chinois, russe, espagnol, portugais, arabe",3 cabines téléphoniques : 01 60 14 90 77 01 69 31 29 84 01 69 31 17 81,Tous les jours 9h - 11h et 14h - 17h,RER B – arrêt Palaiseau,Palaiseau,NA,France terre d’asile 01 69 31 65 09 1 intervenant,Police aux frontières,1,ONET,GEPSA,NA,CHU d’Orsay,"Dans le local prévu pour les visites, sans limitation d’heures",NC,1 infirmier 7 j/7 et 1 médecin 2 demi-journées par semaine,NA,NA,NA,NA,344,48.713617016894,2.250784999808
Commandant Jean-Michel Clamens,CRA 1 : 1995 CRA 2A et CRA 2B : 2010 Extension du CRA 1 : 9 avril 2018,Avenue de l’école de Joinville Redoute de Gravelle 75012 Paris,01 43 53 79 00,CRA 1 : 119 places CRA 2A : 58 places CRA 2B : 58 places,2 à 4 lits par chambre,10 douches et 10 WC par bâtiment. Bâtiment CRA 1 - extension : une douche et un WC par chambre.,Une salle commune avec TV et console de jeux par CRA,"Une cour grillagée par CRA, en libre accès, avec tables de ping pong et appareils de muscultation.","Affichage dans le lieu de vie, traduit en plusieurs langues.",CRA 1 : 01 45 18 02 50/59 70/12 40 Extension du CRA 1 : 01 43 96 02 68/59 39 CRA 2A : 01 48 93 69 47/69 62/90 42 CRA 2B : 01 43 76 50 87 01 48 93 99 80/91 12,"Tous les jours, de 9h à 20h Un contrôle du droit au séjour est effectué à l’entrée.",RER A – Arrêt Joinville-le-Pont,Paris - Vincennes,NA,"Groupe SOS Solidarités – Assfam CRA 1 : 01 43 96 27 50 CRA 2A : 01 49 77 98 75 CRA 2B : 01 49 77 98 51 1 responsable de pôle, 1 coordinatrice CRA, 7 salariés, 1 stagiaire 4 à 6 intervenants 5 j/7 + 2 à 3 intervenants le samedi",Préfecture de police,6 agents - une responsable,OMS,GEPSA,ou infirmières de nuit 1 psychologue à temps partiel pendant quelques mois Présence 22H/24,"Hôpital Cochin, Paris",Oui,Pas à la connaissance de l’association,2 médecins / 6 infirmiers ou infirmières de jour / 2 infirmiers,NA,NA,NA,NA,2 326,48.81990112506,2.457206755902
Commandant Yannick Garden,19 novembre 2007,Lotissement Torre Mila Rue des Frères Voisin 66000 Perpignan,04 68 62 62 80,48 places,22 chambres de deux lits et 1 chambre de quatre lits (prévue initialement pour accueillir des familles).,3 douches et 3 WC par bâtiment.,Salle de télé en libre accès de 7h à 23h.,"2 cours extérieures bétonnées : terrain de foot, appareils de musculation et table de ping-pong. Accès libre de 7h à 23h.",Oui,3 cabines Zone B3 : 04 68 84 04 36 Zone B4-5 : 04 68 52 16 32 Zone B6-7 : 04 68 73 01 91,Tous les jours 9h - 11h et 14h30 - 18h,Ligne de bus n° 6 / Navette aéroport,Perpignan,NA,Forum réfugiés 04 68 73 02 80 06 34 50 41 07 2 intervenants,Police aux frontières (depuis 2011),"1 agent titulaire et 1 vacataire : médiation entre les retenus et l’administration, préparation des départs, achats.",ONET,GEPSA,deux fois par semaine (lundi matin et mercredi après-midi). SOS médecin pour les urgences. Présence d'un psychologue le lundi après-midi et d'une dentiste le mardi après-midi.,Centre Hospitaliers de Perpignan,Oui,Oui,Présence quotidienne d’infirmières et d’un médecin,NA,NA,NA,NA,401,42.73042389696,2.871484934084
Capitaine Virginie Coët,9 mai 2006,889 avenue François Mitterrand 78370 Plaisir,01 30 07 77 50,26 places,13 chambres avec 2 lits superposés par chambre,1 douche et 1 WC par chambre,"Un réfectoire avec 4 tables, 16 chaises et 1 téléviseur ; un baby-foot dans le couloir en face de la zone de vie. Accès de 7h à minuit.","Une cour extérieure au 2e étage du centre de 108 m2 recouverte de filins anti-évasions et de grillages, avec 1 appareil de musculation. Accès de 7h à minuit.",Règlement de 2013,1 cabine 01 34 59 49 80,Tous les jours 9h30 - 12h et 13h30 - 18h30,Gare SNCF de Plaisir-Grignon ou Plaisir-les-Clayes et bus n° 8 ou 9 Aucun panneau n’indique le centre de rétention administrative,Plaisir,NA,France terre d’asile 01 30 07 77 68 1 intervenant,Police aux frontières,1,GEPSA,GEPSA,2 demi-journées par semaine Permanence de 2 heures de l’infirmière samedi et dimanche,Centre hospitalier André Mignot de Versailles,Oui,Non,1 infirmière présente quotidiennement et 1 médecin,NA,NA,NA,NA,301,48.818636019164,1.962989001518
NA,1er août 2007,CRA de Saint-Jacques-de-la-Lande Lieu-dit « Le Reynel » 35136 Saint-Jacques-de-la-Lande,02 57 87 11 36/37,"46 places hommes, 6 places femmes et 4 places familles.",26 chambres de 2 lits et une chambre de 4 places pour les familles. 3 cellules d’isolement avec 1 lit chacune.,"2 WC, 2 douches, 4 lavabos par bâtiment homme.",Par bâtiment : une salle commune avec télévision. Impossibilité d’accès entre 9h et 11h (ménage). Dans la zone de vie : une salle commune donnant sur la cour avec télévision et distributeur de boissons.,"Un terrain stabilisé avec panier de basket et cages de football, une zone avec verdure, des agrès et des bancs. Pas d’accès en soirée car zone fermée pour la nuit.","Oui. Affichage en langue française, anglaise, arabe, chinoise, espagnole, portugaise, russe, roumaine, turque, mongole et pachto.",4 cabines téléphoniques : H1 / H2 : 02 99 35 64 60 H3 / H4 : 02 99 35 28 97 H5 : 02 99 35 13 93 H6 (femmes/familles) : 02 99 35 64 59,Tous les jours de 9h à 12h (dernière admission à 11h30) et de 14h à 18h (dernière admission à 17h30),Bus n° 13 arrêt « Parc expo »,Rennes,NA,La Cimade 02 99 65 66 28 / 06 30 27 82 55 3 intervenants,Police aux frontières (UGT – unité de garde et de transfert),"2 médiateurs présents lundi, mardi, mercredi, jeudi, vendredi et samedi matin: récupération des effets personnels dans un rayon de 50 km, achats de cigarettes et de téléphones portables, gestion de l’aide au retour, bibliothèque",ONET sous-traitant de Bouygues Énergies et Services,GEPSA,"1 infirmière/infirmier tous les jours de 9h à 17h, 1 médecin trois demi-journées par semaine et 1 psychologue un jour par semaine",CHU de Rennes,Oui,Non,NA,NA,NA,NA,NA,745,48.0924515,-1.6928028
Capitaine Hervé Hoareau,NA,Rue Georges Brassens 97490 Sainte-Clotilde,02 62 48 85 00,8 places,2 chambres de 4 lits chacune,2 douches + 2 WC,Cuisine en accès libre.,"40 m2, une table de ping-pong, pas de banc en accès libre depuis les chambres.",Conforme dans le contenu et traduit.,"Un poste : 02 62 97 25 77 dans l’espace collectif, 1 autre dans le local qui sert aux visites, à La Cimade et aux avocats.",Tous les jours 10h - 12h et 15h - 17h,Arrêt de bus à proximité,La Réunion,NA,La Cimade 1 intervenant,Police aux frontières 2 agents présents 3 relèves par jour,0,NA,NA,NA,CHU de Saint-Denis,Le même que pour La Cimade,Non,Sur demande des personnes/appel des agents du CRA,NA,NA,NA,Oui,12,-20.904664982175,55.487570523134
NA,Avril 2004,École nationale de police Route des Essarts BP11 – 76350 Oissel,02 32 11 55 00,72 places dont 53 places hommes et 19 places femmes et familles.,"14 chambres (8 chambres de 6 lits, 2 chambres de 5 lits, 3 chambres de 4 lits, 1 chambre de 2 lits).",1 douche et 1 WC par chambre.,"Dans les zones hommes : deux distributeurs automatiques derrière des barreaux, un babyfoot est installé et deux pièces avec télévision. Dans la zone femmes/famille : un espace de 40 m2 avec jouets, une salle de télévision et deux distributeurs. Des affiches de destination typées paradisiaques sont accrochées sur les murs. Accès libre.","Pour chaque zone, une petite cour fermée, recouverte d’un grillage serré, avec un banc dans la zone femmes/familles et deux dans la zone hommes. Une grande cour est ouverte alternativement pour les hommes et pour les femmes. Toutefois elle reste régulièrement fermée car elle n’est pas suffisamment sécurisée et mobilise de nombreux effectifs policiers pour assurer la surveillance.",Oui,NA,NA,Non,Rouen - Oissel,Zone hommes : 02 35 68 61 56/77 09 Zone femmes/familles : 02 35 69 11 42 9h30 - 11h15 et 13h45 - 17h45,France terre d’asile 02 35 68 75 67 2 intervenants et 1 coordinatrice,Police aux frontières,2,FACILIBOT,EUREST puis au dernier trimestre DUPONT RESTAURATION,NA,CHU de Rouen,Non (les entretiens se font dans les salles de visite),Non,3 infirmières 1 médecin,NA,NA,NA,NA,600,49.347400133925,1.085065089006
Commandant Jérôme Viguier,15 juin 1993,15 Quai François Maillol 34200 Sète,04 84 52 05 80,28 places,12 chambres de 2 personnes (dont une chambre accès handicapé) et une chambre de 4 personnes (lits superposés),13 douches et 13 WC,"Une pièce de 50 m2 avec un distributeur automatique, 2 babyfoots, une TV, un banc, des tables et des chaises. Accessible 24h/24",Une cour de 47 m2 avec une seule ouverture grillagée donnant sur la cour de la PAF. Accessible 24h/24,"Règlement intérieur affiché et traduit en 6 langues (mandarin, anglais, arabe, russe, espagnol et portugais) mis à jour en 2017",2 cabines 04 67 53 61 60 04 67 53 61 41,Tous les jours 9h30 - 11h30 et 14h - 17h,Gare SNCF de Sète,Sète,NA,Forum Réfugiés 04 67 74 39 59 2 intervenants,Police aux frontières,"Un agent dont les fonctions sont : écoute, récupération des bagages, achats, aide au retour volontaire, appels téléphoniques.",GEPSA,GEPSA,1 médecin référent (présent au CRA deux demi-journées par semaine),CHIBT Sète,Oui,Non,2 infirmières (présentes tous les jours de 9h30 à 17h) et,NA,NA,NA,NA,273,43.41050300906,3.700527019659
Commandant Philippe Collomb puis Commandant Régis Ponnelle (à partir du 1er novembre 2022),1er janvier 1991,"1, Rue du Fort Lefèvre 67118 Geispolsheim",03 90 40 72 10,34 places (hommes uniquement),4 bâtiments dans la zone de vie ; 15 chambres avec 2 lits + 1 avec 3 lits + 1 chambre pour personnes handicapées,12+1,Une salle de repos avec quelques jeux à disposition. Un espace extérieur multi sport avec appareils de musculation,"Grande cour extérieure centrale (pelouse et graviers) englobant les modules - auvent abritant deux distributeurs de friandises et boissons. Un baby-foot, une table de ping-pong, un jeu d’échecs et de dames géantes, ainsi que des bancs et des tables. En accès libre jour et nuit.","Oui, en plusieurs langues",4 cabines téléphoniques Module B : 03 88 67 39 92 Module C : 03 88 67 29 94 Module D : 03 88 67 19 72 Module E : 03 88 67 41 25,Tous les jours 10h30 - 11h30 et 14h - 17h,Bus 62 en correspondance avec le tramway de Strasbourg (environ 45 minutes depuis le centre-ville de Strasbourg),Strasbourg - Geispolsheim,NA,"Groupe SOS Solidarités – Assfam 03 88 39 70 08 1 responsable de pôle, 1 coordinatrice CRA, 2 intervenantes à temps plein",Police aux frontières,Une personne présente tous les lundis et les matinées du mardi au vendredi,GEPSA,NA,"Le médecin est présent les lundis matin, mercredis matin et vendredis matin. 1 psychologue est présent 1 mardi et 3 vendredis par mois.",CHU Strasbourg,Oui,Pas à la connaissance de l’association,"3 infirmières, ouverture de l’infirmerie tous les jours.",NA,NA,NA,NA,515,48.521277987641,7.692978963113
Commandant Jean-Luc Amiel,1er juillet 2006,21 Avenue Pierre-Georges Latécoère 31700 Cornebarrieu,05 36 25 91 40/42,126 places,"61 chambres (5 secteurs : 3 hommes, 1 femmes, 1 familles) ; 2 lits par chambre, sauf le secteur familles (3 et 4)",1 douche et 1 WC par chambre,1 salle de TV 1 grand espace avec accès à l’OFII et à La Cimade et aux distributeurs accessibles à quelques plages horaires dans la journée,Environ 200 m2 dans chaque secteur. Fermée par des grillages autour et au-dessus. Libre jour et nuit.,"Oui, traduit en 6 langues",Secteur A (hommes) : 05 34 52 11 06 Secteur B (femmes) : 05 34 52 11 05 Secteur C (familles) : 05 34 52 11 02 Secteur D (hommes) : 05 34 52 11 03 Secteur E (hommes) : 05 34 52 11 01,Tous les jours 8h30 - 11h30 et 14h - 18h30,Bus n° 66 ou 70 et 17 + TAD (bus à la demande à prévenir 2h avant le voyage),Toulouse - Cornebarrieu,NA,La Cimade 05 34 52 13 92/93 07 54 45 84 32 5 intervenants – 5 temps partiels,"Police aux frontières, gendarmerie, DDSP",4,GEPSA,GEPSA,1 psychologue à temps partiel,CHUR Rangueil,Oui,Oui,"1 médecin et 3 infirmiers, à temps partiel",NA,NA,NA,NA,1 136,43.644356534069,1.338001975491
